id,occurred_at,title,indicator_id,direction,magnitude,geography,confidence,triangulation_count,primary_url,summary,rationale,codebook_version
2b864cee-de3c-42b4-bf51-bc89e9f41fb1,2026-04-20T00:00:00+00:00,Stochastic wage suppression on gig platforms and how to organize against it,4.N.a,1,minor,global,0.8,1,https://arxiv.org/abs/2604.15962,"A new research paper models how digital labor platforms, including those used for AI data annotation, suppress wages and demonstrates how targeted collective action by workers can effectively counter this.",Researchers published a model showing how gig platforms suppress wages and how targeted collective action can increase worker power.,v0.1
cce2bba4-76e2-4314-b06b-6d291e664ae5,2026-04-20T00:00:00+00:00,Access Over Deception: Fighting Deceptive Patterns through Accessibility,3.N.b,1,minor,global,0.9,1,https://arxiv.org/abs/2604.15338,Researchers published a paper exploring how accessibility guidelines like WCAG can be used to combat specific deceptive UI patterns.,"Academics published research naming specific dark patterns (e.g., Auto-Play) and proposing accessibility guidelines to combat them.",v0.1
7d7fc377-f0ef-4ced-8efc-7f60ef71c77f,2026-04-20T00:00:00+00:00,Towards A Framework for Levels of Anthropomorphic Deception in Robots and AI,3.N.b,1,minor,global,0.8,1,https://arxiv.org/abs/2604.15418,"Researchers proposed a framework to evaluate 'anthropomorphic deception' in AI and robots, aiming to prevent exploitative design practices that mislead users.","Academics published a framework critiquing anthropomorphic deception in AI, naming it as a specific design pattern that can be exploitative.",v0.1
b543a366-6425-4dde-865d-f71a4fec7b4e,2026-04-19T00:00:00+00:00,EU Commission selects four cloud providers under €180m sovereign cloud tender,7.L.c,1,minor,europe,0.8,2,https://www.datacenterdynamics.com/en/news/eu-commission-selects-four-cloud-providers-under-180m-sovereign-cloud-tender/,The European Commission has selected four European cloud providers for a €180 million sovereign cloud infrastructure tender.,"EU Commission awarded a €180m tender to four European providers to build sovereign cloud infrastructure, advancing public compute options.",v0.1
c0cebed6-3ae2-4113-a48a-71e575e2f4e3,2026-04-18T00:00:00+00:00,Data center lobby secured EU provision to keep environmental impact data confidential - report,7.N.c,1,minor,europe,0.8,1,https://www.datacenterdynamics.com/en/news/data-center-lobby-secured-eu-provision-to-keep-environmental-impact-data-confidential-report/,"A new report reveals that a lobbying group representing major tech companies, including Microsoft, Amazon, Google, and Meta, successfully secured a provision in the EU to keep data center environmental impact data confidential.","A new report scrutinizes tech giants' lobbying efforts, surfacing their influence in securing an EU provision to hide environmental data.",v0.1
a1838613-26a8-4d50-b3c1-b549dff9b640,2026-04-17T00:00:00+00:00,EU Commission awards 180 million euro cloud contract to four European providers,7.L.c,1,minor,europe,0.8,1,https://www.reuters.com/business/media-telecom/eu-commission-awards-180-million-euro-cloud-contract-four-european-providers-2026-04-17/,"The European Commission has awarded a €180 million cloud computing contract to four European providers, aiming to bolster sovereign infrastructure.","EU Commission awarded a €180M contract to four European cloud providers, advancing sovereign compute infrastructure.",v0.1
65bf015b-48e0-425e-b4cb-1dfde3851e8f,2026-04-17T00:00:00+00:00,Anthropic CEO met White House chief of staff as US seeks access to Mythos model,1.L.a,1,minor,us,0.8,1,https://www.ft.com/content/c9f5b690-a10e-4c66-9245-017f8bfbc7b4,The CEO of Anthropic met with the White House chief of staff as the US government seeks access to evaluate the company's new Mythos model.,"The White House is actively seeking access to Anthropic's Mythos model, demonstrating executive pressure for frontier model evaluation.",v0.1
84298253-b710-4d12-99fa-b4e55c819de0,2026-04-16T00:00:00+00:00,Anthropic publishes Claude Opus 4.7 system card,1.D.a,1,minor,us,0.9,1,https://www.anthropic.com/claude-opus-4-7-system-card,,Detailed system card at release maintains frontier-lab transparency baseline.,v0.1
b67f352a-1f1a-4ad2-adb2-bfc9eafc095e,2026-04-16T00:00:00+00:00,Commission proposes measures to Google on sharing search engine data with third parties under Digital Markets Act,7.L.b,1,minor,europe,0.9,1,https://digital-strategy.ec.europa.eu/en/news/commission-proposes-measures-google-sharing-search-engine-data-third-parties-under-digital-markets,The European Commission proposed measures under the Digital Markets Act to mandate Google's sharing of search engine data with third parties.,The EU Commission proposed measures under the DMA requiring Google to share search engine data with third parties.,v0.1
cf011995-d647-4b14-b1f7-f108f93467a9,2026-04-16T00:00:00+00:00,Second meeting of Special Panel to advise President von der Leyen on child online safety,3.L.b,1,minor,europe,0.8,1,https://digital-strategy.ec.europa.eu/en/news/second-meeting-special-panel-advise-president-von-der-leyen-child-online-safety,A special panel convened to advise European Commission President Ursula von der Leyen on strategies for ensuring child online safety.,"EU Commission special panel convened to advise on strategies for child online safety, signaling ongoing policy development.",v0.1
fe5be482-3cb5-4b10-9e1c-7ddf7eeaedd6,2026-04-16T00:00:00+00:00,Crypto and AI Pacs raise $250mn ahead of US midterm elections,7.N.c,-1,minor,us,0.8,1,https://www.ft.com/content/addbcf9e-d352-417b-af1c-ab1acae35771,Political action committees representing the crypto and AI industries have raised $250 million ahead of the US midterm elections.,AI and crypto PACs raising $250M for US midterms demonstrates massive industry financial influence aimed at shaping policy and elections.,v0.1
d34daf97-5575-4910-bcdd-f1f116d5be42,2026-04-16T00:00:00+00:00,States can—and should—regulate AI in criminal justice,5.N.a,1,minor,us,0.8,1,https://www.brookings.edu/articles/states-can-and-should-regulate-ai-in-criminal-justice/,A Brookings Institution article argues that U.S. states have the authority and responsibility to regulate the use of AI in the criminal justice system.,"Brookings article advocates for state-level regulation of AI in criminal justice, contributing to civil society pressure on the issue.",v0.1
01a02a1d-d4e2-4ebd-9891-c63c04d261be,2026-04-13T00:00:00+00:00,Hot Off the Press: EFF's Updated Guide to Tech at the US-Mexico Border,5.N.a,1,minor,us,0.9,1,https://www.eff.org/deeplinks/2026/04/hot-press-effs-updated-guide-tech-us-mexico-border,The Electronic Frontier Foundation published an updated guide to help journalists and advocates identify and report on surveillance technology deployed at the U.S.-Mexico border.,"EFF published an updated guide to help identify and report on border surveillance tech, maintaining civil society pressure on surveillance.",v0.1
4494ca80-95d2-440e-ba41-52c2167f85c3,2026-04-13T00:00:00+00:00,Stanford AI Index 2026 reports declining public trust in AI companies,1.N.a,0,minor,global,0.8,1,https://aiindex.stanford.edu/report/,,Public trust declining despite transparency efforts; expectation rising but not met.,v0.1
91c34a85-4ac3-4c0a-bf6e-5fd07712b72b,2026-04-13T00:00:00+00:00,Jane Doe v. OpenAI: TRO entered in SF Superior Court after ChatGPT-fueled stalking,2.L.a,1,major,us,0.8,1,https://techcrunch.com/2026/04/10/stalking-victim-sues-openai-claims-chatgpt-fueled-her-abusers-delusions-and-ignored-her-warnings/,SF Superior Court entered a limited TRO in Doe v. OpenAI (CGC-26-635725) on April 13 2026 after plaintiff alleged ChatGPT facilitated her stalker despite abuse reports; liability theory advances.,First TRO against frontier lab for foreseeable chatbot harm; key tort-liability precedent for duty-of-care cases.,v0.1
6774c34b-c3f5-4570-9bab-6c02753cab46,2026-04-13T00:00:00+00:00,Jane Doe: OpenAI acknowledged abuse report but took no action,2.D.b,-1,major,us,0.85,1,https://techcrunch.com/2026/04/10/stalking-victim-sues-openai-claims-chatgpt-fueled-her-abusers-delusions-and-ignored-her-warnings/,"In Jane Doe v. OpenAI (TRO April 13 2026), plaintiff filed formal Nov 13 2025 Notice of Abuse; OpenAI called report ""extremely serious and troubling"" but took no product action before further harm.",Abuse-reporting channel existed but failed to trigger duty-of-care response; design failure now in court record.,v0.1
e3404409-11c1-406e-8499-77c62b4db0bc,2026-04-09T00:00:00+00:00,Florida AG opens OpenAI investigation over undisclosed incidents,1.N.c,0,minor,us,0.7,1,https://www.myfloridalegal.com/news/attorney-general-opens-openai-investigation,,State AG scrutiny signals non-disclosure is now treated as actionable; norm-wise neutral.,v0.1
b49afdff-b086-4310-b7d4-851b820e5ba3,2026-04-09T00:00:00+00:00,Florida AG opens OpenAI consumer-protection investigation,2.L.c,1,minor,us,0.75,1,https://www.myfloridalegal.com/newsrelease/ag-uthmeier-opens-openai-investigation,Florida AG James Uthmeier opened a consumer-protection investigation into OpenAI on April 9 2026 focused on deceptive claims and harm to minors; joins Texas AG actions.,State AGs picking up slack from federal retreat; multi-state enforcement pattern now emerging.,v0.1
c5c6ebb1-bce2-400a-ab76-93f3059940c1,2026-04-09T00:00:00+00:00,Comparison Shopping Is Not a (Computer) Crime,7.L.b,-1,minor,us,0.8,1,https://www.eff.org/deeplinks/2026/04/comparison-shopping-not-computer-crime,"A federal district court ruled that Perplexity's AI-enabled browser violated the Computer Fraud and Abuse Act by accessing Amazon's website to help users comparison shop. The EFF has filed an amicus brief supporting Perplexity's appeal to the Ninth Circuit, arguing the decision harms competition and innovation.","A federal court ruled Perplexity's AI shopping agent violated the CFAA by accessing Amazon, legally protecting a walled garden.",v0.1
a113cd5f-3b08-4232-99ed-abd61de17852,2026-04-08T00:00:00+00:00,OpenAI Child Safety Blueprint published,2.D.b,1,minor,us,0.8,1,https://techcrunch.com/2026/04/08/openai-releases-a-new-safety-blueprint-to-address-the-rise-in-child-sexual-exploitation/,"OpenAI published Child Safety Blueprint on April 8 2026 detailing reporting channels, provider coordination, and safety-by-design controls for AI-enabled child exploitation.",Lab self-publishing reporting-channel design; voluntary but raises industry baseline for abuse channels.,v0.1
acfa6cae-7496-453a-a7f9-937d31ae5f24,2026-04-08T00:00:00+00:00,"Digital Hopes, Real Power: How the Arab Spring Fueled a Global Surveillance Boom",5.N.a,1,minor,global,0.9,1,https://www.eff.org/deeplinks/2026/04/digital-hopes-real-power-how-arab-spring-fueled-global-surveillance-boom,"The Electronic Frontier Foundation published a blog series reflecting on how the 2011 Arab uprisings inadvertently fueled a global boom in state surveillance, including the rise of AI-driven biometrics and facial recognition.","EFF blog series highlights the rise of AI-driven surveillance and biometrics, sustaining civil society pressure on digital authoritarianism.",v0.1
f9ad69c1-b90e-48b5-a357-3c73ad107c85,2026-04-07T00:00:00+00:00,Anthropic withholds Claude Mythos Preview but publishes disclosure rationale,1.N.b,1,minor,us,0.8,1,https://www.anthropic.com/system-cards,,Lab publicly explains non-release decision; reinforces norm of transparent reasoning about evals.,v0.1
94c8206a-b2f9-4995-bf46-eef542355ae5,2026-04-07T00:00:00+00:00,Anthropic discloses Claude Mythos Preview cyber capabilities pre-release,1.N.c,1,minor,us,0.82,1,https://red.anthropic.com/2026/mythos-preview/,,Voluntary pre-release vulnerability disclosure reinforces incident-transparency norm at labs.,v0.1
0fdc492f-35a3-40d5-94be-e1152b2a80f9,2026-04-07T00:00:00+00:00,Anthropic publishes Claude Mythos Preview system card,1.D.a,1,minor,us,0.8,1,https://www.anthropic.com/system-cards,,Preview-stage system card extends disclosure earlier in release pipeline.,v0.1
76a690fb-64ee-4cde-91b4-adf885705c26,2026-04-07T00:00:00+00:00,Stanford AI Index 2026: public trust in AI companies declining globally,2.N.b,1,major,global,0.8,1,https://hai.stanford.edu/ai-index/2026-ai-index-report,Stanford HAI AI Index 2026 Public Opinion chapter documents declining global trust in AI companies and broad support for mandated AI disclosure across surveyed countries.,Global consensus on AI accountability expectations; not a US-only phenomenon.,v0.1
3681d554-7643-4e7e-90f2-69fe83f9b5e6,2026-04-07T00:00:00+00:00,EU Parliament Blocks Mass-Scanning of Our Chats—What's Next?,5.L.c,1,major,europe,0.8,1,https://www.eff.org/deeplinks/2026/04/eu-parliament-blocks-mass-scanning-our-chats-whats-next,"The EU Parliament voted not to extend an interim derogation from e-Privacy rules, effectively making the voluntary mass-scanning of private chats by tech companies illegal in the EU.","EU Parliament voted against prolonging an e-Privacy derogation, effectively outlawing voluntary algorithmic mass-scanning of private chats.",v0.1
cf4ad84b-4ad8-4088-a002-312f000d2647,2026-04-05T00:00:00+00:00,UN opens public consultation for first Global Dialogue on AI Governance,6.N.c,1,minor,global,0.85,1,https://www.un.org/global-dialogue-ai-governance/en,"UN opened worldwide public submission portal (deadline 30 Apr 2026) for input into the first Global Dialogue on AI Governance, to be held in 2026 in Geneva back-to-back with the ITU AI for Good Summit. Dialogue + Independent International Scientific Panel on AI established by UNGA Resolution A/RES/79/325 (adopted by consensus 26 Aug 2025). Signals formal public-expectation channel for cross-border AI governance.",First UN-sanctioned open public channel on AI governance; institutionalizes public expectation of multilateral oversight.,v0.1
2b88d6e2-eae7-4f2e-96f4-0b6eaaf5bc29,2026-04-03T00:00:00+00:00,Tech Nonprofits to Feds: Don’t Weaponize Procurement to Undermine AI Trust and Safety,5.N.a,1,minor,us,0.9,1,https://www.eff.org/deeplinks/2026/04/tech-nonprofits-feds-dont-weaponize-procurement-undermine-ai-trust-and-safety,"Tech nonprofits, including the EFF and CDT, filed comments opposing a proposed GSA procurement rule that would require AI contractors to license their systems for ""all lawful purposes,"" arguing it could enable mass surveillance.",Civil society groups filed comments opposing a proposed GSA procurement rule that would force AI contractors to allow use for surveillance.,v0.1
ed8bc6d4-0c8c-4f3f-885e-a889935f27fc,2026-04-02T00:00:00+00:00,EFF’s Submission to the UN OHCHR on Protection of Human Rights Defenders in the Digital Age,5.N.a,1,minor,global,0.9,1,https://www.eff.org/deeplinks/2026/04/effs-submission-un-ohchr-protection-human-rights-defenders-digital-age,"The Electronic Frontier Foundation (EFF) submitted a report to the UN OHCHR detailing how new digital regulations and surveillance technologies, including biometric monitoring, are being used to restrict the fundamental rights of human rights defenders globally.",EFF submitted a report to the UN OHCHR highlighting how expanded state surveillance and biometric monitoring threaten human rights defenders,v0.1
90cbbca0-3354-46ee-b8fa-74dc142546ce,2026-04-02T00:00:00+00:00,"Google and Amazon: Acknowledged Risks, and Ignored Responsibilities",5.N.a,1,minor,global,0.9,1,https://www.eff.org/deeplinks/2026/04/google-and-amazon-acknowledged-risks-and-ignored-responsibilities,The Electronic Frontier Foundation publicly criticized Google and Amazon for failing to address human rights and surveillance risks associated with their Project Nimbus AI cloud contract with the Israeli government.,EFF published a critique pressuring Google and Amazon over the human rights and surveillance risks of their AI cloud contract with Israel.,v0.1
0b8a4793-561e-46ce-861d-8178b4953c94,2026-04-01T00:00:00+00:00,"Documentary ""The AI Doc"" elevates mainstream debate on AI well-being",3.N.a,1,minor,us,0.78,1,https://www.cbsnews.com/video/new-documentary-featuring-industry-leaders-explores-risks-and-rewards-of-ai/,"CBS Mornings, NBC, AP, Oprah Podcast and others covered a new documentary featuring Tristan Harris and industry leaders on AI risks including companionship and mental-health impact, April 2026 release cycle.",Mainstream media pickup of well-being-first AI discourse beyond tech press; signal that framing is diffusing.,v0.1
bab42ccc-0074-492e-a9e1-f2cc58f028bc,2026-04-01T00:00:00+00:00,Anthropic Fellows Program opens next two cohorts (May & July 2026),7.D.c,1,minor,global,0.8,1,https://alignment.anthropic.com/2025/anthropic-fellows-program-2026/,"Anthropic opened applications for its next Fellows cohorts beginning May and July 2026. 4-month program, $3,850/week stipend + ~$15k/mo compute funding + mentorship for independent safety researchers. 40% of first-cohort fellows joined Anthropic full-time; 80%+ produced papers.","Third-party access channel widens; structured external-researcher pipeline at frontier lab, though scale remains small (dozens",v0.1
47281c78-fee6-46db-8619-60d865db6523,2026-03-31T00:00:00+00:00,What jobseekers need to know about automated recruitment decisions,4.L.d,1,minor,europe,0.8,1,https://ico.org.uk/about-the-ico/media-centre/news-and-blogs/2026/03/here-s-what-jobseekers-need-to-know-about-automated-recruitment-decisions/,The UK Information Commissioner's Office (ICO) published guidance for jobseekers explaining their rights and protections when facing automated recruitment decisions.,The UK ICO published guidance informing jobseekers of their rights regarding automated decision-making in recruitment.,v0.1
68dff7d3-a289-4d03-b8fe-24828107157f,2026-03-30T00:00:00+00:00,"Center for Humane Technology launches ""AI and What Makes Us Human"" initiative",3.N.a,1,minor,global,0.8,1,https://www.humanetech.com,"CHT announced a new program focused on what norms, legal protections, and rights are needed to preserve human well-being in the age of AI, amplifying well-being-over-engagement discourse.",Sustained norm-entrepreneur pressure from the leading voice on well-being-over-engagement framing.,v0.1
ff44bbbf-1f95-4f91-b949-7f7d1a1cc524,2026-03-30T00:00:00+00:00,Mistral raises €722M debt to build sovereign European AI compute,7.L.c,1,minor,europe,0.85,1,https://bebeez.eu/2026/03/30/mistral-ai-extends-a-year-of-outsized-expansion-with-e722-million-to-deepen-europes-ai-infrastructure/,"Mistral AI secured €722M ($830M) in debt financing from seven-bank consortium led by Bpifrance and BNP Paribas to build a 44MW data center near Paris with 13,800 Nvidia GB300 GPUs (Q2 2026 target). Largest AI-focused debt raise by a European technology company to date; targets 200MW capacity by end-2027.",European champion scales outside US hyperscaler dependence; credible sovereign alternative emerging on the compute layer,v0.1
9d1b6dda-7a28-4fe0-94fb-404d2a479d97,2026-03-27T00:00:00+00:00,NY RAISE Act chapter amendments tighten pre-deployment testing requirements,1.L.a,1,major,us,0.85,1,https://www.nysenate.gov/legislation/bills/2025/S6953,,State legislature strengthens pre-deployment testing and publication thresholds for frontier AI.,v0.1
9d1f2471-5ed6-4611-a6e6-1c21e616e9f5,2026-03-27T00:00:00+00:00,NY RAISE Act adds 72-hour incident reporting requirement,1.L.b,1,major,us,0.82,1,https://www.nysenate.gov/legislation/bills/2025/S6953,,Short-window mandatory reporting joins CA and EU as part of US state-level reporting regime.,v0.1
377c5ee5-641d-476d-af05-796a2d761f33,2026-03-26T00:00:00+00:00,Traffic Violation! License Plate Reader Mission Creep Is Already Here,5.N.a,1,minor,us,0.9,1,https://www.eff.org/deeplinks/2026/03/traffic-violation-license-plate-reader-mission-creep-already-here,"Civil liberties advocates and journalists exposed that automated license plate readers are being used for traffic enforcement, contradicting vendor claims.",EFF and 404 Media applied pressure on surveillance tech by exposing Flock Safety ALPRs' mission creep into traffic enforcement.,v0.1
9031d662-2d68-4a31-8f42-fcb51b7baef1,2026-03-25T00:00:00+00:00,👓 Who's Really Watching What Smartglasses See? | EFFector 38.6,5.N.a,1,minor,us,0.9,1,https://www.eff.org/deeplinks/2026/03/whos-really-watching-what-smartglasses-see-effector-385,The Electronic Frontier Foundation (EFF) published a newsletter and podcast episode raising privacy concerns about Meta Ray-Ban smartglasses and their surveillance capabilities.,"EFF newsletter and podcast highlight privacy risks of Meta Ray-Ban smartglasses, sustaining civil society pressure on AI surveillance.",v0.1
1c031e38-b30d-4a24-bfd9-9971c2a2b650,2026-03-25T00:00:00+00:00,EFF Sues for Answers About Medicare's AI Experiment,1.N.a,1,minor,us,0.95,1,https://www.eff.org/press/releases/eff-sues-answers-about-medicares-ai-experiment,The Electronic Frontier Foundation filed a FOIA lawsuit against CMS seeking transparency on the AI algorithms used to evaluate Medicare prior authorization requests.,"EFF filed a FOIA lawsuit demanding transparency into the training data, evaluation, and safeguards of Medicare's AI authorization system.",v0.1
1b577a8f-44a7-43c8-8aa0-11142be1ec36,2026-03-24T00:00:00+00:00,Washington HB 2225 signed: AI chatbot duty-of-care law,2.L.b,1,major,us,0.9,1,https://app.leg.wa.gov/billsummary?BillNumber=2225&Year=2025,"Governor Ferguson signed HB 2225 on March 24 2026, extending duty-of-care requirements to AI companion chatbots in Washington with private right of action; effective Jan 1 2027.",Second state to adopt CA-style duty-of-care statute for AI chatbots within 90 days; pattern replicating.,v0.1
d9b96e29-db14-43d7-af9e-0d75f14dd565,2026-03-18T00:00:00+00:00,Court of Rome annuls Italy's €15M GDPR fine against OpenAI,5.L.c,-1,major,europe,0.88,1,https://www.crossborderdataforum.org/generative-ai-and-gdpr-enforcement-in-europe-a-lot-of-noise-one-fine-zero-survivors/,"On 18 March 2026, the Court of Rome annulled the Garante's Nov 2024 €15M fine — the only final GDPR enforcement decision against a GenAI provider. The fine had found unlawful training data processing, breach-notification failure and no age verification. Garante can appeal. Judgment no. 4153/2026, R.G. 4785/2025.",Only final GenAI GDPR fine in Europe just collapsed on appeal. Signals hard limits on current data-protection tools against frontier labs.,v0.1
a0636048-dc77-404b-a396-31e106c3e7d0,2026-03-17T00:00:00+00:00,Minnesota introduces HF 4369 (Safeguarding Human Intelligence Act) with 90-day AI displacement notice,4.L.a,1,minor,us,0.8,1,https://www.revisor.mn.gov/bills/bill.php?b=House&f=HF4369&ssn=0&y=2026,HF 4369 introduced 17 March 2026 requires employers to notify workers 90 days before AI-driven layoffs and fund retraining; first US state-level AI displacement notification bill. SF 4576 companion filed in Senate.,Concrete state-level protection template; shifts displacement from externality to regulated transition,v0.1
0831368f-4fd1-428e-91f5-cdfde3951f6d,2026-03-17T00:00:00+00:00,Colorado AI Act effective date pushed to June 2026 amid industry pressure to repeal,5.L.b,-1,minor,us,0.85,1,https://www.coloradopolitics.com/2026/03/17/artificial-intelligence-working-group-agrees-on-framework-to-replace-colorado-law/,"CO SB 24-205, the first US comprehensive AI anti-discrimination law, was delayed from Feb 2026 to 30 June 2026 via SB 25B-004. In March 2026, Governor Polis's AI Policy Working Group proposed a replacement bill stripping many employer compliance duties.",Industry lobbying is actively eroding the strongest US state AI anti-discrimination law before it takes effect. Net-negative on enforcement.,v0.1
3e512794-eafc-4dbf-ba8e-b828ee54ffb4,2026-03-17T00:00:00+00:00,Colorado AI Act working-group proposal strips duty of care,2.L.b,-1,minor,us,0.75,1,https://www.coloradopolitics.com/2026/03/17/artificial-intelligence-working-group-agrees-on-framework-to-replace-colorado-law/,"Colorado AI Policy Work Group released March 17 2026 draft to repeal-and-replace the Colorado AI Act, eliminating its ""reasonable care"" duty and narrowing scope to ADMT disclosure obligations.",Working-group proposal strips explicit duty-of-care language from what was the leading state AI law; signals backsliding.,v0.1
cfafcbb4-9999-4046-b040-dedf77e99036,2026-03-12T00:00:00+00:00,IDS / African Digital Rights Network report: 11 African governments spent $2B+ on Chinese-built AI surveillance,5.N.c,-1,major,global,0.92,1,https://www.globalissues.org/news/2026/03/17/42569,"The Institute of Development Studies, with the African Digital Rights Network, published 'Smart City Surveillance in Africa: Mapping Chinese AI Surveillance Across 11 Countries' on 12 Mar 2026. Documents $2B+ spent by Algeria, Egypt, Kenya, Mauritius, Mozambique, Nigeria, Rwanda, Senegal, Uganda, Zambia and Zimbabwe on facial recognition and ANPR, with deployments used against activists, opposition figures and journalists despite no demonstrated crime-reduction effect.",Major documented algorithmic-surveillance discrimination against dissidents across 11 states. Recognition rising; power is not.,v0.1
05342619-d2ff-4f5d-bfe3-2e2864a19d82,2026-03-12T00:00:00+00:00,Pew: 50% of Americans more concerned than excited about AI,2.N.b,1,major,us,0.9,1,https://www.pewresearch.org/internet/2026/03/12/americans-views-of-ai-2026/,"Pew Research Center survey found 50% of US adults are more concerned than excited about AI, up from 37% in 2021; majority want stricter accountability for AI harms.",Public expectation of AI accountability has hardened sharply since 2021; creates political cover for duty-of-care regulation.,v0.1
f5692cb0-cc9b-48bc-aed7-e47dc587d5d7,2026-03-11T00:00:00+00:00,EU Parliament backs EU conclusion of the Council of Europe Framework Convention on Artificial Intelligence,6.L.a,1,major,europe,0.95,1,https://www.coe.int/en/web/artificial-intelligence/-/eu-parliament-backs-eu-conclusion-of-the-council-of-europe-framework-convention-on-artificial-intelligence,The European Parliament approved the European Union's conclusion of the Council of Europe Framework Convention on Artificial Intelligence.,"EU Parliament approved the conclusion of the Council of Europe Framework Convention on AI, advancing binding multilateral treaties.",v0.1
bb3e4459-6079-4dc3-8fe0-760d2cd848ac,2026-03-11T00:00:00+00:00,European Parliament approves EU accession to Council of Europe AI Convention,6.L.a,1,major,europe,0.92,1,https://www.europarl.europa.eu/doceo/document/TA-10-2026-0071_EN.html,"On 11 Mar 2026 the European Parliament gave consent (455 in favour, 101 against, 74 abstentions) to EU conclusion of the Council of Europe Framework Convention on AI and Human Rights (CETS 225), the first legally binding international AI treaty. Advances ratification; treaty enters into force after 5 states ratify.",Key step toward entry-into-force of first binding multilateral AI treaty; EU accession anchors Convention.,v0.1
145f368c-4986-4a72-8467-562cb9d47665,2026-03-09T00:00:00+00:00,UK Politicians Continue to Miss the Point in Latest Social Media Ban Proposal,3.L.b,1,minor,europe,0.8,1,https://www.eff.org/deeplinks/2026/03/uk-politicians-continue-miss-point-latest-social-media-ban-proposal,The UK House of Commons proposed an amendment to the Children's Wellbeing and Schools Bill that would empower the Secretary of State to restrict under-18s' access to social media and addictive features.,UK House of Commons advanced an amendment enabling the government to restrict minors' access to social media and addictive features.,v0.1
9862e105-8e00-4c53-849a-4ca975839093,2026-03-06T00:00:00+00:00,The one question everyone should be asking after OpenAI’s deal with the Pentagon,5.N.a,1,minor,us,0.8,1,https://ainowinstitute.org/news/12263,The AI Now Institute published an article questioning the lack of safety guardrails for high-stakes decisions and surveillance following OpenAI's deal with the Pentagon.,AI Now Institute critiques lacking guardrails for surveillance and high-stakes decisions following OpenAI's deal with the Pentagon.,v0.1
7f6ec9ad-dbf9-453e-b21e-1d84e4a64792,2026-03-05T00:00:00+00:00,KOSA stalled in Senate Commerce Committee under Cruz,3.L.b,0,minor,us,0.85,1,https://www.childrenandscreens.org/newsroom/news/policy-update-february-2026/,"Despite 75+ co-sponsors, KOSA has not received a markup from Sen. Cruz's committee as of Feb 2026. House advanced narrower KIDS Act (28-24, party line) in March 2026, weaker than Senate version.","Federal minor-protection bill stalled; state laws (CA, NY, AU) advancing faster than US federal action.",v0.1
8a00a876-5be4-47a6-87d4-638367ee2455,2026-03-03T00:00:00+00:00,Utah Minor Protection in Social Media Act remains enjoined,3.L.c,-1,minor,us,0.88,1,https://commerce.utah.gov/social-media/,"Utah SB 194 — requiring default privacy, disabled autoplay/infinite scroll/push notifications for minors — remains stayed under NetChoice First Amendment injunction as of April 2026. Similar Virginia injunction appealed March 2026.","NetChoice-led First Amendment litigation has blocked state-level design-mandate laws in UT, OH, CA, AR, MS, VA — slows design regulation.",v0.1
43714eff-e499-4b85-a3ee-f8128900780a,2026-03-03T00:00:00+00:00,SF QuitGPT protest against OpenAI-Pentagon contract; broader multi-lab march the prior week,5.N.a,1,minor,us,0.75,1,https://nationaltoday.com/us/ca/san-francisco/news/2026/03/06/protesters-rally-against-openais-military-ai-contract/,"On 3 Mar 2026, ~40-50 activists rallied outside OpenAI's SF HQ in a 'QuitGPT' protest against its Pentagon contract. The prior week, a larger ~500-person multi-lab march targeted DeepMind, OpenAI and Meta; ~200 protested Virginia data centers. Concerns: mass surveillance, autonomous weapons, environmental impact.","Organized public protest against frontier-lab militarization — real mobilization, not just op-eds. Rare for AI-surveillance debate in US.",v0.1
96aa65dd-f313-4ec8-9f57-3c251f8132e6,2026-03-01T00:00:00+00:00,Major AI vendors still ship no default time-limit or attention-respect features,3.D.c,-1,major,global,0.78,1,https://techcrunch.com/2025/12/19/openai-adds-new-teen-safety-rules-to-models-as-lawmakers-weigh-ai-standards-for-minors/,"ChatGPT, Gemini, Claude, Grok ship no session-length caps, no take-a-break reminders for adults, no anti-infinite-scroll UX defaults. SB 243's 3-hour minor reminder rule is the floor, not the market standard.",Observation of negative space: well-being-by-default absent from adult AI UX. Rated regression because engagement loops intensifying.,v0.1
d294cc83-afa2-4ff9-9329-e7bb4c43cd95,2026-02-27T00:00:00+00:00,Italy: Milan court places Deliveroo under judicial supervision over algorithmic management,4.L.b,1,major,europe,0.85,1,https://www.reuters.com/world/europe/italian-court-places-deliveroo-unit-under-judicial-administration-2026-02-27/,Public Prosecutor's Office 27 Feb 2026 placed Deliveroo Italia under judicial administration citing algorithmic worker control violations; first criminal-adjacent enforcement of algorithmic management limits.,Enforcement escalation beyond fines; algorithmic management now carries existential business risk in Italy,v0.1
66e2c21f-80a3-4d85-a889-7024e1147897,2026-02-27T00:00:00+00:00,Civil rights coalition decries DoD pressure on Anthropic to lift AI surveillance guardrails,5.N.a,1,minor,us,0.85,1,https://civilrights.org/2026/02/27/civil-rights-advocates-decry-department-defense-power-grab-ai-surveillance-tech/,"The Leadership Conference on Civil and Human Rights publicly condemned the Department of Defense's campaign to pressure Anthropic into lifting restrictions on surveillance use of its AI, framing it as a 'tech-fueled domestic surveillance state.'","Civil-society attention to surveillance repurposing of frontier AI — healthy debate signal, though substantive power remains with DoD.",v0.1
9c9f8a0f-2fdc-4b46-b3a7-2dc9b19de96d,2026-02-27T00:00:00+00:00,"Common Sense Media ""no AI companions for under-18s"" stance re-surfaces in mainstream",3.N.c,1,major,us,0.88,1,https://sites.psu.edu/digitalshred/2026/02/27/talk-trust-and-trade-offs-how-and-why-teens-use-ai-companions-common-sense-media/,"Common Sense Media report ""Talk, Trust, and Trade-Offs"" (orig. Jul 2025) reaffirmed via Penn State re-coverage Feb 2026 and ongoing APA Monitor, Stanford SSIR, Brookings citations: peril of AI companions outweighs potential, no under-18 use.",Sustained expert-consensus stance that AI companions harm youth mental health; embedded in mainstream coverage.,v0.1
8d1af3d2-f189-4428-9905-bcb7b8dd0c66,2026-02-25T00:00:00+00:00,Trends in AI incidents and hazards reported by the media,6.N.a,1,minor,global,0.8,1,https://www.oecd.org/en/publications/trends-in-ai-incidents-and-hazards-reported-by-the-media_4f5ff43c-en.html,The OECD published a report analyzing trends in AI-related incidents and hazards as reported by the media.,"The OECD published a report analyzing trends in AI incidents and hazards, contributing to international consensus and risk assessment.",v0.1
22132115-9a28-4a9c-998e-d39356aaee6e,2026-02-24T00:00:00+00:00,Anthropic drops categorical pause commitment from Responsible Scaling Policy v3.0,6.D.a,-1,major,global,0.92,1,https://www.anthropic.com/news/responsible-scaling-policy-v3,"On 24 Feb 2026 Anthropic released RSP v3.0, removing its previous implication that it would pause training/deployment if risks exceeded acceptable levels. Some mitigations (e.g. RAND SL4) reframed as 'industry-wide recommendations' rather than unilateral commitments. GovAI and multiple safety commentators flagged this as material weakening of the flagship voluntary framework.",Flagship voluntary commitment weakened by the lab that pioneered the framework; confirms collective-action limits of self-governance.,v0.1
12685ede-fbb0-4be8-aa05-e9eaeaf00066,2026-02-23T00:00:00+00:00,Ofcom fines adult-site operator £1.35M under UK Online Safety Act,3.L.b,1,major,europe,0.9,1,https://inforrm.org/2026/03/11/ofcom-steps-up-online-safety-act-enforcement-with-two-further-age-assurance-fines-for-pornographic-platforms-alexandros-antoniou/,Record fine announced 23 Feb 2026 against 8579 LLC for failing to deploy highly-effective age assurance under OSA s.12. Ofcom has opened 90+ investigations and issued 6 fines since July 2025 enforcement start.,Sustained portfolio-level enforcement of age-assurance duty; highest OSA fine to date.,v0.1
e9190d54-260f-4b57-9353-07fba609c002,2026-02-21T00:00:00+00:00,New Delhi Declaration on AI Impact endorsed by 92 countries and international organisations,6.N.c,1,major,global,0.9,1,https://www.mea.gov.in/bilateral-documents.htm?dtl%2F40809%2FAI_Impact_Summit_Declaration_New_Delhi_February_18__19_2026,"At the India AI Impact Summit (16-21 Feb 2026; declaration adopted 18-19 Feb, announced 21 Feb 2026), 92 countries and international organisations — including US, UK, China, Russia, EU, Switzerland — endorsed the New Delhi Declaration committing to international cooperation on safe, inclusive AI. Substantially broader than Paris 2025 signatory base; US re-engaged. (Initial 88 on 21 Feb, grew to 91 by 24 Feb, 92 as of 5 Mar 2026.)",Largest AI summit declaration to date; notable US return post-Paris 2025. Multilateral coordination expectation partially restored.,v0.1
04f8ceb0-6ba0-4830-bbd7-126c6693d642,2026-02-19T00:00:00+00:00,Google DeepMind publishes Gemini 3.1 Pro model card,1.D.a,1,minor,us,0.88,1,https://deepmind.google/models/model-cards/gemini-3-1-pro/,,Continued publication of full model card maintains cross-lab norm.,v0.1
770aba4b-230b-479d-a20b-3af08d0cd362,2026-02-16T00:00:00+00:00,YouGov: most Americans say AI will reduce the number of jobs in the US,4.N.c,1,minor,us,0.85,1,https://today.yougov.com/technology/articles/54123-most-americans-say-ai-artificial-intelligence-will-reduce-number-jobs-in-us-united-states-february-13-16-2026-economist-yougov-poll,February 2026 Economist/YouGov poll finds majority of Americans expect AI to reduce employment; skepticism toward AI replacement hardening in public opinion.,Rising public skepticism creates political space for protective regulation; cultural pushback measurable,v0.1
03e3aa5d-c1dd-4ae0-a638-1b787761dd6f,2026-02-16T00:00:00+00:00,Frontier Model Forum reports information-sharing protocol progress,1.N.b,1,minor,global,0.72,1,https://www.frontiermodelforum.org/updates/information-sharing-2026,,Cross-lab eval sharing becoming operational norm among frontier developers.,v0.1
b6bf556b-6578-47f6-ac13-0c92f6e94eaa,2026-02-15T00:00:00+00:00,FLI civil society recommendations published ahead of India AI Impact Summit,6.N.b,1,minor,global,0.8,1,https://futureoflife.org/document/recommendations-for-the-ai-impact-summit/,"Future of Life Institute (UN SG's designated civil society co-champion for AI) released pre-summit recommendations calling for Global South participation in AI governance, national audit capacity, and commensurate safety guarantees from developers. Published 15 Feb 2026, days before the 16-21 Feb New Delhi summit.",Major civil society coalition input to multilateral process; signals continued organized civil society engagement with summit track.,v0.1
7f6b9baa-ec9d-428a-95e0-17d6498df51b,2026-02-11T00:00:00+00:00,Open letter from 60+ civil society orgs to EU on AI Act transparency safeguard,6.N.b,1,minor,europe,0.85,1,https://cadeproject.org/updates/open-letter-urges-eu-lawmakers-to-retain-ai-act-transparency-safeguard/,"European coalition of civil society, trade unions, and academics (60+ organisations incl. Access Now, EDRi, Amnesty Tech, BEUC) signed open letter to MEPs and Commission urging rejection of AI Omnibus amendments that would delete Art. 49(2) high-risk transparency safeguard.",Multilateral civil society coalition defending binding cross-border governance safeguards against industry-led rollback.,v0.1
9cdb9ff9-ce7f-4613-909f-70b98b637983,2026-02-09T00:00:00+00:00,"Anthropic Head of Safeguards Research resigns: ""world is in peril""",2.N.c,-1,major,us,0.85,1,https://www.businessinsider.com/read-exit-letter-by-an-anthropic-ai-safety-leader-2026-2,"Mrinank Sharma, Head of Safeguards Research at Anthropic, resigned publicly Feb 9 2026 citing inability to fulfill safety duties; follows a wave of safety-team departures from frontier labs.","Senior safety-lead departure signals lab-level duty-of-care norms are collapsing internally, not strengthening.",v0.1
6e603c15-6c84-4207-b481-ee0e5c883454,2026-02-06T00:00:00+00:00,TikTok rejects EU Commission call to disable infinite scroll,3.D.c,-1,major,europe,0.9,1,https://techcrunch.com/2026/02/06/eu-tiktok-disable-addictive-features-infinite-scroll-recommendation-engine/,"Feb 2026: TikTok disputed Commission findings as ""categorically false,"" defended screen-time tools that EU called ""easy to dismiss."" No commitment to disable infinite scroll or redesign recommender system.",Largest attention-economy platform actively resists attention-respecting redesign; engagement-max still winning in product.,v0.1
046a1dce-9bcd-4895-9468-792b987676f1,2026-02-06T00:00:00+00:00,Anthropic Claude Opus 4.6 system card: ASL-3 evals published,2.D.a,1,minor,us,0.75,1,https://www.anthropic.com/news/claude-opus-4-6-system-card,"Anthropic published Claude Opus 4.6 system card in early February 2026 detailing ASL-3 safeguards, CBRN uplift evaluations, and pre-deployment red-teaming.",Raises disclosure floor for safety-by-design; competitive pressure on other labs to match.,v0.1
cdbdcaf2-dade-4631-afa9-d2dde90442bc,2026-02-06T00:00:00+00:00,EU Commission finds TikTok's addictive design breaches DSA,3.N.b,1,major,europe,0.92,1,https://digital-strategy.ec.europa.eu/en/news/commission-preliminarily-finds-tiktoks-addictive-design-breach-digital-services-act,"Preliminary findings published 6 Feb 2026: infinite scroll, autoplay, push notifications and recommender system inadequately mitigated for mental-health risks. Commission says TikTok must change the basic design of its service.",First regulator to formally name infinite scroll + autoplay as addictive design requiring fundamental redesign under DSA.,v0.1
84186029-46b0-4cd5-a6c1-d6052736084e,2026-02-04T00:00:00+00:00,Claude is a space to think,3.N.a,1,minor,global,0.8,1,https://www.anthropic.com/news/claude-is-a-space-to-think,"Anthropic announced that its AI assistant Claude will remain ad-free, emphasizing a product philosophy centered on providing users a 'space to think' rather than maximizing engagement.","Anthropic publicly commits to an ad-free model for Claude, framing the AI as a 'space to think' rather than an engagement-maximizing tool.",v0.1
f0ef8af3-cb84-45b0-be53-d402e5d6afc5,2026-02-03T00:00:00+00:00,International AI Safety Report 2026 published under Bengio leadership,1.N.a,1,major,global,0.9,1,https://www.gov.uk/government/publications/international-ai-safety-report-2026,,30-country consensus report raises public baseline for frontier AI transparency expectations.,v0.1
88d9b808-7f77-4352-952d-1310ef4d31b9,2026-02-03T00:00:00+00:00,International AI Safety Report 2026 publishes consolidated eval findings,1.D.b,1,major,global,0.88,1,https://www.gov.uk/government/publications/international-ai-safety-report-2026,,30-country report synthesizes public eval results; makes public-eval expectation multilateral.,v0.1
f2a655e8-8acd-4cb2-ae42-5a2eec63ab0c,2026-02-03T00:00:00+00:00,International AI Safety Report 2026 published by 100+ experts from 30+ countries,6.N.a,1,major,global,0.95,1,https://www.gov.uk/government/publications/international-ai-safety-report-2026,"Second annual International AI Safety Report chaired by Yoshua Bengio, backed by EU/OECD/UN and 30+ countries, released 3 Feb 2026 ahead of the India AI Impact Summit. 200-page report with 1,451 references. Confirms scientific consensus on escalating risks (cyber, bio, loss of control, eval-aware models). (Note: arxiv preprint 2602.21012 uploaded 24 Feb 2026; primary release was UK gov on 3 Feb 2026.)",Most authoritative international scientific consensus document on AI risks; institutionalized annual cadence with 30+ country panel.,v0.1
8278bbf2-d2a3-48d5-ae2e-9c0d25297d46,2026-02-01T00:00:00+00:00,Commission launches Action Plan Against Cyberbullying to protect young people online,3.L.b,1,minor,europe,0.8,1,https://digital-strategy.ec.europa.eu/en/news/commission-launches-action-plan-against-cyberbullying-protect-young-people-online,The European Commission launched a new Action Plan Against Cyberbullying aimed at protecting the mental health of children and teenagers online.,"The European Commission launched an Action Plan to protect the mental health of minors online, advancing youth digital protections.",v0.1
bbb6f1cf-6fa2-4cd7-a28f-4bfec3a5a904,2026-01-26T00:00:00+00:00,UK Home Secretary announces largest national live facial recognition rollout in British history,5.N.a,-1,major,europe,0.85,1,https://www.gov.uk/government/news/white-paper-sets-out-reforms-to-policing,"UK Home Secretary Shabana Mahmood announced on 26 Jan 2026 a policing white paper expanding mobile LFR camera vans from 10 to 50 nationwide, plus a £115M National Centre for AI in Policing (Police.AI). Backlash from Big Brother Watch, Liberty and parliamentary critics framing it as an 'Orwellian panopticon'; the government has also launched a consultation on a bespoke legal framework.",Strong public debate: gov framed as 'panopticon' + civil-society/court pushback. Net-negative for rights; debate itself is healthy.,v0.1
b257d401-80a9-4c51-8411-c36248dc13ab,2026-01-20T00:00:00+00:00,OpenAI VP Ryan Beiermeister fired after raising child-safety concerns,2.N.c,-1,major,us,0.75,1,https://techcrunch.com/2026/02/10/openai-policy-exec-who-opposed-chatbots-adult-mode-reportedly-fired-on-discrimination-claim/,OpenAI fired VP Product Policy Ryan Beiermeister in early January 2026 after she raised concerns about adult-mode rollout and the strength of child-exploitation guardrails; she denies the cited discrimination claim.,Frontier lab terminating a safety-policy VP after internal dissent corrodes the emerging norm of researcher protection.,v0.1
a397a474-a3bc-401e-8929-ca5cab1c5d9e,2026-01-15T00:00:00+00:00,EU Digital Fairness Act proposal slated for Q4 2026,3.L.a,1,major,europe,0.85,1,https://www.europarl.europa.eu/legislative-train/carriage/digital-fairness-act/report?sid=9901,"Commission 2026 work programme confirms a Digital Fairness Act legislative initiative for Q4 2026, targeting dark patterns, addictive design, unfair personalisation and influencer marketing. Consultation closed Oct 2025.",Moves EU dark-patterns rules from sector-specific (DSA Art. 25) to a horizontal regime covering all B2C digital.,v0.1
0621bdb6-7b87-43e2-a0d6-4fdea682dbac,2026-01-08T00:00:00+00:00,EC publishes DMA review summary with AI-gatekeeper scope under active consideration,7.L.b,0,minor,europe,0.75,1,https://digital-markets-act.ec.europa.eu/commission-publishes-summary-and-responses-consultation-ongoing-review-digital-markets-act-2026-01-08_en,"On Jan 8, 2026 the Commission published the summary of 450+ contributions to its DMA review consultation (ran Jul-Sep 2025, with dedicated AI questionnaire launched Aug 26, 2025). AI emerged as the most prevalent theme; respondents split on whether to add a standalone AI Core Platform Service category. Article 53 report due May 3, 2026.",Consultation-stage move; norm-gathering for future enforcement rather than action.,v0.1
c71e3571-c42a-4d1c-aabe-ece7b1066f3e,2026-01-07T00:00:00+00:00,Google and Character.AI settle teen-suicide wrongful death lawsuits,3.N.c,1,major,us,0.92,1,https://www.latimes.com/business/story/2026-01-07/google-character-ai-to-settle-lawsuits-alleging-chatbots-harmed-teens,"Settlement in principle on Jan 7 2026 covering lawsuits from families in Florida, Colorado, Texas and NY alleging Character.AI chatbots drove teens to suicide or self-harm. Landmark liability moment for AI-related mental-health harm.",Liability settlement validates mental-health harm narrative in mainstream discourse; sets precedent for AI accountability.,v0.1
9b18d305-2e7f-43e1-a369-08d55750a0e8,2026-01-05T00:00:00+00:00,In re OpenAI MDL: court compels 20M ChatGPT conversation logs,2.L.d,1,major,us,0.8,1,https://www.courtlistener.com/docket/openai-mdl-3028/,MDL court ordered OpenAI to produce ~20 million ChatGPT conversation logs to consolidated class-action plaintiffs on January 5 2026; historic private-enforcement discovery order.,Largest AI-related discovery order to date; enables private plaintiffs to pursue duty-of-care theories at scale.,v0.1
0294af2e-8913-4ff3-8622-3fc740d0cee7,2026-01-01T00:00:00+00:00,Texas Responsible AI Governance Act (HB 149) takes effect,5.L.b,1,major,us,0.9,1,https://www.multistate.us/insider/2026/2/4/all-of-the-comprehensive-privacy-laws-that-take-effect-in-2026,"TX HB 149 took effect 1 Jan 2026, prohibiting AI systems that intentionally discriminate against protected classes, restricting biometric capture for AI training, and requiring AG-available risk governance documentation.",Second US state after Colorado with a cross-sector AI anti-discrimination law. Weaker than CO SB 24-205 but in force now.,v0.1
ac7e8624-3c33-493e-ac84-2e4a17de16e8,2026-01-01T00:00:00+00:00,"Three new state comprehensive privacy laws take effect Jan 2026 (IN, KY, RI)",5.L.c,1,minor,us,0.9,1,https://www.jdsupra.com/legalnews/state-privacy-laws-taking-effect-in-2026-4242563/,"Indiana Consumer Data Protection Act, Kentucky Consumer Data Protection Act and Rhode Island Data Transparency and Privacy Protection Act all took effect 1 Jan 2026, bringing the total US states with comprehensive privacy laws to 20. Rhode Island uses notably low thresholds (35K consumers).","Incremental state-by-state privacy buildout continues. None are strong laws individually, but compound effect is real.",v0.1
a05bf1da-badc-40cd-b7e8-bd4ca27212de,2026-01-01T00:00:00+00:00,California SB 53 frontier AI transparency law takes effect,1.L.a,1,major,us,0.92,1,https://leginfo.legislature.ca.gov/faces/billNavClient.xhtml?bill_id=202520260SB53,,Largest US state mandates pre-deployment safety testing and disclosure for frontier models.,v0.1
63ca2a0c-528c-4937-a5c5-1cc9fac24c23,2026-01-01T00:00:00+00:00,California SB 53 critical-safety-incident 15-day disclosure rule live,1.L.b,1,major,us,0.9,1,https://leginfo.legislature.ca.gov/faces/billNavClient.xhtml?bill_id=202520260SB53,,First US state law with fixed statutory window for frontier incident reporting.,v0.1
1f905559-c78f-4b35-a29d-1cd8b4be3faa,2026-01-01T00:00:00+00:00,California Senate Bill 361 expands data broker registration; generative-AI disclosure required,5.L.c,1,minor,us,0.82,1,https://www.multistate.us/insider/2026/2/4/all-of-the-comprehensive-privacy-laws-that-take-effect-in-2026,"CA SB 361 took effect Jan 2026, requiring data brokers to disclose whether personal data is sold to generative AI developers, foreign actors, or governments. Opt-out requests must be processed within 45 days via CPPA's deletion mechanism.",First state law explicitly flagging AI-training data flows in broker disclosures. Small but precedent-setting.,v0.1
7f42aca8-43bf-4ce2-a162-7dfb54a14129,2026-01-01T00:00:00+00:00,California SB 243 AI companion chatbot law takes effect,2.L.b,1,major,us,0.95,1,https://leginfo.legislature.ca.gov/faces/billTextClient.xhtml?bill_id=202520260SB243,"California SB 243 took effect January 1 2026, imposing duty-of-care obligations on AI companion chatbot operators including crisis response, disclosure, and age verification.","First US state duty-of-care statute specifically for AI chatbots, with private right of action; template law.",v0.1
615920ba-1bf0-47ba-b016-f150fcab5225,2026-01-01T00:00:00+00:00,Utah's Experiment With AI-Driven Prescription Renewals,4.D.a,-1,minor,us,0.8,1,https://hai.stanford.edu/research/utahs-experiment-with-ai-driven-prescription-renewals,"In January 2026, Utah launched a pilot program that permits an autonomous AI agent to handle prescription renewals, removing humans from the loop in a high-stakes medical process.","Utah's pilot program allows an autonomous AI agent to renew medical prescriptions, removing humans from a high-stakes decision loop.",v0.1
e5406aa1-3ce8-478f-a63c-5022e1032e3d,2026-01-01T00:00:00+00:00,California SB 243 companion-chatbot law takes effect,3.L.b,1,major,us,0.94,1,https://perkinscoie.com/insights/update/california-companion-chatbot-law-now-effect,"First US law specifically regulating AI ""companion chatbots"" — effective 1 Jan 2026. Requires AI disclosure, self-harm safety protocols, minor-specific safeguards including 3-hour break reminders, crisis referrals. Private right of action.",First-in-nation law targeting AI-companion harms to minors; creates liability template other states will copy.,v0.1
75b8cc60-7b39-4a33-8765-06a8f6a393bf,2026-01-01T00:00:00+00:00,California ADMT regulations require consumer notice and opt-out for AI significant decisions,5.D.c,1,major,us,0.9,1,https://cppa.ca.gov/announcements/2025/20250923.html,"New CPPA rules approved 23 Sep 2025 took effect 1 Jan 2026 with phased deadlines: businesses using Automated Decision-Making Technology for 'significant decisions' (employment, housing, credit, education, healthcare) must conduct risk assessments and honor notice, access, appeal and opt-out rights. ADMT-specific notice/opt-out obligations broadly effective 1 Jan 2027; risk-assessment duties apply prospectively from 1 Jan 2026.",First US state law forcing UX-level surfacing of algorithmic-decision rights (notice + appeal) on deployers. Sets the pattern.,v0.1
4f23c0e3-fd95-4939-8ed1-586ed04fc3f2,2026-01-01T00:00:00+00:00,Nevada AI political advertising disclosure law (AB73) takes effect,7.L.d,1,minor,us,0.85,1,https://thenevadaindependent.com/article/more-than-50-new-nevada-laws-go-into-effect-today-heres-what-to-know,"Nevada AB73 became effective Jan 1, 2026, requiring ""clear and conspicuous"" disclosure when synthetic/AI-generated media is used in political communications. Unanimously passed; gives depicted candidates injunctive relief against undisclosed AI manipulation. Part of a broader wave of state deepfake-political laws.",State-level democratic-integrity guardrails spreading; counterweight to federal inaction.,v0.1
15617d39-7e73-40ab-832d-c2b2b4324e7d,2025-12-22T00:00:00+00:00,NYC Bar Formal Opinion 2025-6 on AI transcription tools,2.N.a,1,minor,us,0.85,1,https://www.nycbar.org/reports/formal-opinion-2025-6/,"NYC Bar Association issued binding ethics guidance on lawyer use of AI transcription and note-taking tools, covering confidentiality, client consent, and supervision duties.",Major bar association codifies AI-specific duty of care for lawyers; extends professional standards into AI use.,v0.1
7bca565f-8051-45bc-b3c9-eeff5bb63d9a,2025-12-22T00:00:00+00:00,FTC sets aside Rytr consent order,2.L.c,-1,major,us,0.85,1,https://www.ftc.gov/legal-library/browse/cases-proceedings/232-3052-rytr-llc-matter,"FTC formally set aside the Rytr consent order on December 22 2025, reversing one of the flagship Operation AI Comply cases and signaling softer deceptive-AI enforcement.",Federal regulator retreating from deceptive-AI consent orders undermines consumer-protection duty-of-care layer.,v0.1
1e54622a-b7c7-4d6c-93e1-340d0e61cfcd,2025-12-18T00:00:00+00:00,UK AISI publishes Frontier AI Trends Report with eval data,1.N.b,1,major,europe,0.9,1,https://www.gov.uk/government/publications/ai-security-institute-frontier-ai-trends-report-factsheet,,State AISI publishes cross-lab eval results; cements expectation that evals should be public.,v0.1
71952441-ef1d-44b9-b323-28f412976f59,2025-12-18T00:00:00+00:00,UK AISI Frontier AI Trends Report publishes cross-lab eval results,1.D.b,1,major,europe,0.9,1,https://www.gov.uk/government/publications/ai-security-institute-frontier-ai-trends-report-factsheet,,Independent eval data from state AISI reaches public; sets disclosure standard.,v0.1
f807ebdf-0e4b-4390-907f-f366a2327ed7,2025-12-18T00:00:00+00:00,UK AISI publishes Frontier AI Trends Report with two years of model-evaluation data,6.D.c,1,minor,global,0.88,1,https://www.aisi.gov.uk/frontier-ai-trends-report,"On 18 Dec 2025 the UK AI Security Institute released its first Frontier AI Trends Report, synthesizing two years of testing 30+ frontier models. Key findings: cyber apprentice-level task success rose from <9% (2023) to ~50% (2025); first expert-level cyber task completed in 2025; models outperform PhD-level experts on chem/bio knowledge; hour-long software tasks completed >40% of the time. Shared publicly to inform the International Network's evaluation science.",Public evidence base for internationally-aligned evaluation protocols; UK continues to anchor the network's technical output.,v0.1
c7b73107-bbc8-47b7-a25f-57edd0b6cf8b,2025-12-15T00:00:00+00:00,ABA Task Force on Law and AI issues Year Two report,2.N.a,1,minor,us,0.7,1,https://www.americanbar.org/groups/leadership/office_of_the_president/artificial-intelligence/,ABA Task Force on Law and Artificial Intelligence published its Year Two report consolidating AI ethics guidance across state bars that issued AI opinions in 2025.,"Professional-standards consolidation: most state bars now have AI-specific duty rules; norm is solidifying, not just emerging.",v0.1
2dfe208e-148f-42fa-8e48-1deb538c49a3,2025-12-11T00:00:00+00:00,OpenAI publishes GPT-5.2 update system card,1.D.a,1,minor,us,0.85,1,https://openai.com/index/gpt-5-system-card-update-gpt-5-2/,,OpenAI maintains per-release system card practice through late 2025.,v0.1
3eeec14a-d151-44c9-af86-9ca636d9aa43,2025-12-11T00:00:00+00:00,Trump executive order preempts state AI laws via litigation task force,6.L.c,-1,major,us,0.85,1,https://www.whitehouse.gov/presidential-actions/2025/12/eliminating-state-law-obstruction-of-national-artificial-intelligence-policy/,On 11 Dec 2025 Trump signed EO 'Ensuring a National Policy Framework for AI' creating an AI Litigation Task Force at DOJ (established by AG memo 9 Jan 2026) to challenge state AI laws and conditioning federal grants on states not enforcing them. Colorado AI Act explicitly named. Preempts subnational compute/licensing experiments that could have aligned with international norms.,Forecloses US sub-federal compute-governance that could align with international frameworks; concentrates at minimalist federal level.,v0.1
886c7843-c78d-479d-af84-bb93aaf0e66f,2025-12-10T00:00:00+00:00,Australia bans under-16s from major social platforms,3.L.b,1,major,global,0.94,1,https://www.esafety.gov.au/about-us/industry-regulation/social-media-age-restrictions,"World-first law effective 10 Dec 2025 requires Facebook, Instagram, TikTok, Snapchat, YouTube, Reddit, X, Threads, Twitch, Kick to take reasonable steps to remove under-16 accounts. Penalties up to A$49.5M.","Hardest minor-protection law enacted anywhere; precedent being watched globally, Slovenia/Spain/Denmark considering similar.",v0.1
10190a8d-4c26-48c3-9833-620574560abf,2025-12-10T00:00:00+00:00,"International Network of AISIs renamed to emphasize measurement, not safety",6.D.c,0,minor,global,0.82,1,https://www.wired-gov.net/wg/news.nsf/articles/Efforts+to+share+best+practices+on+AI+measurement+and+evaluations+driven+forward+through+the+International+Network+for+Advanced+AI+Measurement+Evaluation+and+Science+10122025101010?open,"At the 4-5 Dec 2025 San Diego meeting, the network (launched at Seoul Summit May 2024; formally established Nov 2024) was renamed 'International Network for Advanced AI Measurement, Evaluation and Science' — widely read as a concession to keep the US (CAISI) engaged. UK took the Network Coordinator role. Australia joined after 25 Nov 2025 AU AISI announcement ($29.9M, operating early 2026). Members: AU, CA, EU, FR, JP, KE, KR, SG, UK, US.",Eval-protocol alignment continues at working level but under diluted branding; Australia accession expands but US posture remains uncertain.,v0.1
fe5b707e-2ca4-4722-bdc9-e1e265fc5c45,2025-12-05T00:00:00+00:00,EU Commission fines X €120M in first DSA non-compliance decision,3.L.a,1,major,europe,0.94,1,https://digital-strategy.ec.europa.eu/en/news/commission-fines-x-eu120-million-under-digital-services-act,"First DSA non-compliance fine (5 Dec 2025) for deceptive ""blue checkmark"" design, inadequate ad transparency, and blocked researcher access to public data.",First DSA enforcement treats deceptive verification UX as a dark pattern; establishes enforcement precedent.,v0.1
b140c39b-3937-45d8-a8cd-30c70ce13af1,2025-12-05T00:00:00+00:00,Council of EU adopts conclusions on European competitiveness in the digital decade,7.L.c,1,major,europe,0.75,1,https://www.centr.org/news/eu-updates/eu-policy-update---outlook-to-2026.html,"On Dec 5, 2025 the Council published conclusions on European Competitiveness in the Digital Decade, urging open standards, interoperability and reduced vendor lock-in in cloud, AI, cybersecurity and connectivity; asks Commission to develop common criteria for sovereign cloud services ahead of the forthcoming Cloud and AI Development Act (Commission proposal due Q1 2026).",Council-level political backing for sovereign EU compute and public AI infrastructure ahead of CADA,v0.1
97cf653f-aa66-41ba-9f84-976a1044c86c,2025-12-03T00:00:00+00:00,AI Workforce PREPARE Act introduced in US Senate,4.L.a,1,minor,us,0.78,1,https://www.congress.gov/bill/119th-congress/senate-bill/3339,"S.3339 introduced 3 Dec 2025 by Sen. Jim Banks (R-IN) with cosponsors Hassan (D-NH), Hickenlooper (D-CO), and Husted (R-OH); establishes federal AI workforce transition fund and retraining grants. Bipartisan cosponsorship signals emerging consensus.",Federal-level displacement funding mechanism; first bipartisan AI transition bill with serious cosponsors across party lines,v0.1
f8e0165a-14b8-4b3c-9cb6-3b615e0b955f,2025-12-02T00:00:00+00:00,NYC Comptroller audit finds weak AEDT bias law enforcement,4.L.c,-1,minor,us,0.85,1,https://comptroller.nyc.gov/reports/audit-report-on-the-department-of-consumer-and-worker-protection-enforcement-of-local-law-144/,Dec 2025 audit report finds only 18 of 391 surveyed NYC employers complied with Local Law 144 automated employment decision tool bias-audit requirements; enforcement gap exposed.,Notification/audit requirement exists on paper but is effectively unenforced; erodes compliance culture,v0.1
104555f8-21cb-4345-9fc6-cb466d6968b9,2025-11-25T00:00:00+00:00,Character.AI bans under-18s from open-ended chat,3.D.b,1,minor,global,0.88,1,https://fortune.com/2026/01/08/google-character-ai-settle-lawsuits-teenage-child-suicides-chatbots/,Late Nov 2025: platform blocked minors from primary chat feature after cumulative teen-suicide lawsuits. Age-assurance functionality rolled out. Critics say late and creates dependency-withdrawal risk.,"Product change driven by litigation, not well-being mission; still a rare case of a platform removing its core engagement loop for minors.",v0.1
a411f08d-b45c-49db-afb8-5743701b0deb,2025-11-17T00:00:00+00:00,House GOP eyes NDAA as vehicle to revive AI state-law preemption,7.N.c,-1,minor,us,0.75,1,https://techoversight.org/2025/11/19/zombie-ai-preemption/,"On Nov 17, 2025, House Majority Leader Scalise confirmed to Punchbowl News that House GOP leaders are exploring attaching AI preemption language to the FY26 National Defense Authorization Act. Congressional Progressive Caucus and states-rights Republicans lined up against.",Industry allies retry democratic capture via a different legislative vehicle after the 99-1 defeat,v0.1
53492168-f7cc-4dba-a132-50c251c54ad2,2025-11-13T00:00:00+00:00,Anthropic publishes political even-handedness evaluation and reports Claude Sonnet 4.5 scores,5.D.b,1,minor,global,0.85,1,https://www.anthropic.com/news/political-even-handedness,"Anthropic published a new automated method for measuring political bias on 13 Nov 2025, reporting Claude Sonnet 4.5 at 94% even-handedness (Opus 4.1 at 95%; Gemini 2.5 Pro 97%, Grok 4 96%, GPT-5 89%, Llama 4 66%). Method open-sourced so other labs and researchers can reproduce.","Bias-eval tooling is becoming standard and comparable across frontier labs. Politics-specific, but method is transferable.",v0.1
fe7f7534-415e-44b6-a71e-459c9d21e05d,2025-11-11T00:00:00+00:00,EU Parliament EMPL committee adopts algorithmic management directive call,4.N.b,1,major,europe,0.9,1,https://www.globallegalinsights.com/news/european-parliament-committee-adopts-resolution-on-algorithmic-management/,"Employment and Social Affairs Committee MEPs voted 11 Nov 2025 (41-6-4) to urge Commission to propose binding rules on algorithmic management across all sectors, extending Platform Work Directive protections to traditional employment. Full plenary endorsed the resolution 17 Dec 2025.",Worker voice institutionalized at EU level; binding framework for surveillance/monitoring limits advances,v0.1
a1240e75-af1c-4bfb-80df-8e6422d5f8d1,2025-10-28T00:00:00+00:00,Forrester: 55% of firms that replaced workers with AI regret the decision,4.N.a,1,minor,global,0.82,1,https://www.forrester.com/blogs/predictions-2026-generative-ai/,"Forrester Predictions 2026 report finds majority of enterprises that cut headcount for AI report buyer's remorse; productivity gains overestimated, rehiring underway.",Data-backed industry acknowledgment that replacement narrative oversold; shifts mainstream discourse,v0.1
adff325f-1f1c-4fd9-9d39-380fea1efee8,2025-10-27T00:00:00+00:00,OpenAI discloses 1.2M weekly ChatGPT users discuss suicide,3.N.c,1,major,global,0.82,1,https://techcrunch.com/2025/10/27/openai-says-over-a-million-people-talk-to-chatgpt-about-suicide-weekly/,"October 27 2025: OpenAI revealed 0.15% of 800M weekly ChatGPT users (~1.2M) show explicit indicators of suicidal planning or intent. Entered mainstream coverage via TechCrunch, ABC7, News9.",Platform-disclosed scale of AI-mental-health interaction moved the debate; validated concern is not niche.,v0.1
4e40351f-7d72-4f5c-ac8b-e174eaeb4027,2025-10-22T00:00:00+00:00,Meta cuts ~600 roles from AI org including FAIR,2.D.c,-1,minor,us,0.75,1,https://www.axios.com/2025/10/22/meta-superintelligence-tbd-ai-reorg,"Meta cut ~600 roles from its AI org (FAIR, product AI, AI infrastructure) on October 22 2025 while protecting its TBD Lab superintelligence unit; post-deployment monitoring capacity reduced.",Labs cutting teams responsible for post-deployment monitoring as deployment scales up.,v0.1
7fb8d284-e27c-44e4-9ff2-bb60926ec1c2,2025-10-14T00:00:00+00:00,Meta sets Instagram Teen Accounts to 13+ content default,3.D.a,1,minor,global,0.82,1,https://about.fb.com/news/2025/10/instagram-teen-accounts-13-movie-ratings/,"Oct 14 2025: all under-18 Instagram accounts default to 13+ content filters (inspired by MPA PG-13 guidelines); parental approval required to loosen. Strong language, alcohol, risky stunts hidden. Limited Content mode available.","Default-on teen safety settings is a meaningful de-personalization step, though narrowly applied to minors only.",v0.1
774e7eeb-4d7e-473a-bad6-83d39340b5df,2025-10-13T00:00:00+00:00,California Governor vetoes SB 7 algorithmic management bill,4.L.b,-1,minor,us,0.9,1,https://www.gov.ca.gov/wp-content/uploads/2025/10/SB-7-VETO.pdf,Gov. Newsom vetoed SB 7 on 13 Oct 2025; bill would have required human review of algorithmic employment decisions and notice of automated monitoring. Significant regression in US largest-economy jurisdiction.,High-profile veto signals industry lobbying prevailing over worker protection in US; precedent for other states,v0.1
adbc8610-b2eb-4792-a0c3-e9bfae78138f,2025-10-13T00:00:00+00:00,California AB 853 delays SB 942 AI Transparency Act effective date to August 2026,4.D.c,1,minor,us,0.85,1,https://leginfo.legislature.ca.gov/faces/billNavClient.xhtml?bill_id=202520260AB853,"SB 942 (signed 2024) would have required generative AI providers serving >1M Californians to offer free AI-detection tools and mandatory provenance disclosures from 1 Jan 2026. AB 853, signed 13 Oct 2025, pushed the effective date to 2 Aug 2026 citing implementation readiness. Mixed signal: law still advances, but compliance delayed under industry pressure.","First US state AI-content provenance regime still on track, but eight-month delay reveals industry pushback power",v0.1
7b653c9b-8ba8-4784-ac28-cf65e118c10c,2025-10-06T00:00:00+00:00,"UK Upper Tribunal overturns Clearview AI ruling, remits £7.5M ICO case for reconsideration",5.L.a,1,major,europe,0.85,1,https://ico.org.uk/about-the-ico/media-centre/news-and-blogs/2025/10/uk-upper-tribunal-hands-down-judgment-on-clearview-ai-inc/,"UK Upper Tribunal set aside the First-tier Tribunal's decision that had blocked the ICO's £7.5M Clearview fine, ruling Clearview's face-scraping is 'behavioural monitoring' under UK GDPR regardless of foreign law-enforcement clients. Case remitted to FTT for substantive reconsideration; Clearview subsequently granted appeal to Court of Appeal Dec 2025.","Closes a major jurisdictional loophole for offshore face-recognition vendors. Live appeal; not yet final, but directionally strong.",v0.1
99402613-e4b0-4fb0-9e83-5ac446a8f422,2025-10-06T00:00:00+00:00,EU AI Liability Directive officially withdrawn,2.L.a,-1,major,europe,0.95,1,https://eapil.org/2025/10/09/european-commission-withdraws-two-proposals-assignments-of-claims-regulation-and-ai-liability-directive/,European Commission formally withdrew the AI Liability Directive proposal; withdrawal published in Official Journal October 6 2025 after February 2025 Work Programme signalled the intent.,EU abandoning harmonized AI liability framework is the single largest duty-of-care regression of 2025.,v0.1
a90a54c7-866c-45d6-bb75-32945092f60d,2025-09-29T00:00:00+00:00,OpenAI launches ChatGPT parental controls with self-harm alerts,3.D.b,1,minor,global,0.85,1,https://openai.com/index/introducing-parental-controls/,"Sept 29 2025: parents can link teen accounts, set quiet hours, disable voice/memory/image gen, opt out of training. OpenAI notifies parents on detected self-harm signals. Teen Safety Blueprint published Nov 2025.","Meaningful teen-safety feature ship, but reactive to Raine lawsuit and SB 243 — not a voluntary well-being priority.",v0.1
7e44a051-7f68-4b08-82c1-8f6133240b24,2025-09-29T00:00:00+00:00,DeepSeek V3.2-Exp ships Sparse Attention with 50%+ API price cut,7.D.a,1,major,global,0.9,1,https://api-docs.deepseek.com/news/news250929,"DeepSeek released V3.2-Exp on Sep 29, 2025 under MIT license, debuting DeepSeek Sparse Attention (DSA) for long-context efficiency and cutting API prices 50%+ immediately. Full V3.2 shipped Dec 1, 2025 (with V3.2-Speciale reasoning variant).","Cost collapse continues; compute-access moat at the frontier eroding through architectural innovation, not just scale.",v0.1
416a145d-3cb3-4c12-8539-e33973a7309e,2025-09-12T00:00:00+00:00,FTC-driven Microsoft-OpenAI MOU restructures $13B partnership,7.L.a,1,major,us,0.7,1,https://www.memo-daily.com/p/12-september-2025,"In September 2025 Microsoft and OpenAI signed a non-binding MOU to restructure their nearly $13B relationship, enabling OpenAI to transition toward a for-profit entity with freedom to partner with rival cloud providers. The restructuring was driven by threat of a formal FTC merger challenge treating multi-billion-dollar exclusive licensing as an undisclosed merger.",First concrete antitrust-driven unwinding of a cloud-AI quasi-merger. Sets precedent that exclusive frontier-lab/cloud partnerships can be,v0.1
a626ee64-59bc-4aa5-8da2-ac429f7529ca,2025-09-11T00:00:00+00:00,FTC 6(b) orders to 7 companion-chatbot companies,2.D.c,1,major,us,0.9,1,https://www.ftc.gov/news-events/news/press-releases/2025/09/ftc-launches-inquiry-ai-chatbots-acting-companions,"FTC issued 6(b) orders September 11 2025 to Alphabet, Character Technologies, Instagram, Meta, OpenAI, Snap, and xAI demanding data on how they measure, test, and monitor chatbot harms to minors.",First broad federal demand for post-deployment monitoring data across frontier labs; enforcement-intelligence baseline.,v0.1
04148c95-f626-44d8-b33f-d1a7e27229d0,2025-08-05T00:00:00+00:00,OpenAI releases gpt-oss-120b and gpt-oss-20b under Apache 2.0,7.D.a,1,major,global,0.95,1,https://openai.com/index/introducing-gpt-oss/,"First OpenAI open-weight release since GPT-2. 117B and 21B total-parameter MoE reasoning models (5.1B and 3.6B active), Apache 2.0 license, near-parity with o4-mini / o3-mini on core benchmarks. Runs on single 80GB GPU / 16GB consumer hardware respectively.",Frontier-lab capitulation to open-weights norm post-DeepSeek R1; design-layer power diffusion accelerating,v0.1
d9d1e73d-25ae-4110-8113-ab28af40922d,2025-08-02T00:00:00+00:00,EU AI Act GPAI obligations enter into force,1.L.a,1,major,europe,0.95,1,https://digital-strategy.ec.europa.eu/en/policies/ai-act,,GPAI providers legally required to document evals and disclose model info across EU.,v0.1
3e5e7dc3-61a5-44fd-9dcd-890d8468ff7d,2025-08-02T00:00:00+00:00,EU AI Act Article 55 GPAI serious incident reporting obligations apply,1.L.b,1,major,europe,0.9,1,https://artificialintelligenceact.eu/article/55/,,EU-wide legal duty to report serious incidents binds GPAI providers under Article 55(1)(c).,v0.1
f9f7c91e-7ad1-4672-8047-acd7da58fd59,2025-08-02T00:00:00+00:00,EU AI Act conformity assessment framework phases in for high-risk AI,1.L.c,1,major,europe,0.85,1,https://artificialintelligenceact.eu/conformity-assessment/,,Third-party conformity assessment legally required for high-risk AI systems; phased 2025-2026.,v0.1
0cb2b9b5-0b2e-4d2f-ad83-4de96da9afa1,2025-08-02T00:00:00+00:00,EU AI Act GPAI obligations enter into force with 10^25 FLOP systemic-risk threshold,6.L.d,1,major,europe,0.92,1,https://digital-strategy.ec.europa.eu/en/factpages/general-purpose-ai-obligations-under-ai-act,"On 2 Aug 2025 the EU AI Act's GPAI rules took effect, codifying a 10^25 FLOP training-compute threshold for 'systemic-risk' GPAI models subject to safety, security, and transparency obligations (10^23 FLOP threshold for baseline GPAI). First binding international compute-based safety threshold in force. Full enforcement from 2 Aug 2026.",Only binding legal regime with codified compute threshold for frontier models; reference point for international threshold convergence.,v0.1
9b392359-5781-4565-8abf-cd39fc5a3528,2025-08-01T00:00:00+00:00,EU GPAI Code of Practice Safety & Security chapter signed by frontier labs,1.L.d,1,minor,europe,0.8,1,https://digital-strategy.ec.europa.eu/en/policies/ai-code-practice,,Signatories commit to adversarial-testing disclosure; voluntary but near-binding for EU access.,v0.1
54cff08f-6855-4a7d-88fb-12380f81be6e,2025-07-10T00:00:00+00:00,SAG-AFTRA ratifies video game contract with AI consent protections,4.N.b,1,minor,us,0.9,1,https://www.sagaftra.org/sag-aftra-members-ratify-new-interactive-media-agreement,Members ratified Interactive Media Agreement 10 July 2025 after 11-month strike; contract mandates informed consent and compensation for digital replicas and AI voice/performance use.,Collective bargaining forces AI deployment terms on employers; template for other sectors,v0.1
6e40c1f0-4539-4702-ba31-50de12830bbe,2025-07-10T00:00:00+00:00,EU GPAI Code of Practice signed by most frontier AI developers,6.D.a,1,major,europe,0.88,1,https://digital-strategy.ec.europa.eu/en/policies/contents-code-gpai,"The EU GPAI Code of Practice (Transparency, Copyright, Safety & Security chapters) was published on 10 Jul 2025 and endorsed as an 'adequate voluntary tool' by the Commission and AI Board. Signatories include Amazon, Anthropic, Google, Microsoft, OpenAI, Mistral, Cohere, IBM, Aleph Alpha, and others. Meta and Chinese providers declined. xAI signed only the Safety & Security chapter.",Broadest voluntary industry commitment aligned to a binding legal regime; partial coverage (Meta/China absent) limits scope.,v0.1
8fada08e-1765-41b1-8335-8301c3f698c5,2025-07-01T00:00:00+00:00,US Senate strips AI state-law moratorium from OBBBA 99-1,7.N.c,1,major,us,0.95,1,https://www.commerce.senate.gov/2025/7/senate-strikes-ai-moratorium-from-budget-reconciliation-bill-in-overwhelming-99-1-vote/8415a728-fd1d-4269-98ac-101d1d0c71e0,Senate voted 99-1 during vote-a-rama to strike the Blackburn/Cantwell (bipartisan) amendment removing the 10-year (later 5-year) federal preemption of state AI laws from the One Big Beautiful Bill Act. Only Sen. Tillis (R-NC) voted no.,"Near-unanimous defeat of industry-backed preemption; preserves plural regulatory venues against capture and protects ~1,000 pending state",v0.1
a601b9fd-c125-44d6-a3dd-8df79516585f,2025-06-09T00:00:00+00:00,Apple ships Private Cloud Compute for Apple Intelligence across iOS 26 ecosystem,5.D.a,1,major,global,0.9,1,https://security.apple.com/blog/private-cloud-compute/,"Apple's Private Cloud Compute, extending iPhone-grade cryptographic privacy guarantees (stateless compute, verifiable transparency, non-targetability, no Apple access) to server-side inference, went into production deployment across iOS 26 and Foundation Models framework in 2025.",First consumer-scale cryptographically-attested privacy boundary for AI inference. Raises the bar for the whole stack.,v0.1
3c759a14-ae01-4c2a-bddf-2403f6f334fe,2025-06-03T00:00:00+00:00,UK AI Safety Institute renamed AI Security Institute; US counterpart renamed CAISI,6.D.b,-1,major,global,0.85,1,https://techcrunch.com/2025/02/13/uk-drops-safety-from-its-ai-body-now-called-ai-security-institute-inks-mou-with-anthropic/,"UK AISI renamed 'AI Security Institute' on 13 Feb 2025 (announced at Munich Security Conference by Peter Kyle), shifting emphasis from safety to security/national defense. US counterpart renamed 'Center for AI Standards and Innovation' (CAISI) on 3 Jun 2025 with explicit mandate to serve industry as NIST-housed primary point of contact. Signals reframing of voluntary evals posture in both lead jurisdictions.",Both lead government evaluators rebranded away from 'safety' toward security/innovation; chills dangerous-capability info sharing.,v0.1
8116e1f9-bde8-4722-8949-fbdca19581c5,2025-06-01T00:00:00+00:00,BBQ fairness benchmark now reported across every major frontier lab model card,5.D.b,1,minor,global,0.82,1,https://cdn.openai.com/papers/first-person-fairness-in-chatbots.pdf,"By 2025-2026, Anthropic, OpenAI, Google DeepMind and Meta all report BBQ (Bias Benchmark for QA) scores in every major model card, with proprietary supplemental evaluations (first-person fairness at OpenAI, paired prompts at Anthropic, FACET/HolisticBias at Meta). NAACL 2025 (FLEX) and follow-ups note BBQ scores can mask adversarial failure modes.",De-facto norm of reporting structured bias benchmarks is stable. Coverage is US-centric and English-only; real but incomplete.,v0.1
0ca43dc5-d1f5-4ea7-91e8-f2f961e7224d,2025-05-28T00:00:00+00:00,Anthropic CEO Amodei predicts AI will eliminate 50% of entry-level white-collar jobs,4.N.a,-1,minor,global,0.85,1,https://www.axios.com/2025/05/28/ai-jobs-white-collar-unemployment-anthropic,Dario Amodei warns of 10-20% unemployment within 1-5 years from AI; frames displacement as near-certainty rather than choice. Prominent voice pushing replacement narrative.,Leading lab CEO normalizing mass displacement framing counteracts skepticism; elite discourse trending negative,v0.1
9b2daada-2b1c-4566-9595-627eccafcfcb,2025-05-13T00:00:00+00:00,Trump rescinds Biden-era AI Diffusion Rule on compute export controls,6.L.b,-1,major,us,0.92,1,https://www.bis.gov/press-release/department-commerce-announces-rescission-biden-era-artificial-intelligence-diffusion-rule-strengthens,"On 13 May 2025 BIS announced rescission of the January 2025 AI Diffusion Rule — which would have imposed a worldwide tiered licensing framework on advanced computing ICs and model weights (including a 10^26 FLOP closed-weight threshold), with compliance set for 15 May 2025. Tiered country framework dropped; replacement rule forthcoming.",US withdrew its most ambitious frontier-compute export framework; tiered licensing + model-weight controls removed before effect.,v0.1
c291023f-039c-4768-adf4-673c8ac912bf,2025-05-13T00:00:00+00:00,BIS issues guidance on Huawei Ascend chip risks and PRC AI training,6.L.b,0,minor,us,0.78,1,https://www.bis.gov/press-release/department-commerce-announces-rescission-biden-era-artificial-intelligence-diffusion-rule-strengthens,"Alongside AI Diffusion Rule rescission (13 May 2025), BIS issued three guidance documents: on GP10 applied to PRC-origin advanced ICs (Huawei Ascend), on controls that may apply to ICs used to train Chinese AI models, and on preventing supply-chain diversion. Narrower, adversary-focused replacement posture compared to the withdrawn diffusion rule.",Residual compute-export enforcement remains but narrower and adversary-scoped; no multilateral framework replaces the tiered diffusion rule.,v0.1
a9e4df33-01a8-4d00-b1c9-41e98bcebb41,2025-05-08T00:00:00+00:00,"Klarna reverses AI-first strategy, rehires humans after CX quality drop",4.N.a,1,major,global,0.88,1,https://www.bloomberg.com/news/articles/2025-05-08/klarna-turns-from-ai-to-real-person-as-cx-ai-experiment-falters,CEO Siemiatkowski publicly reversed 2024 AI-replacement strategy after customer experience deteriorated; company rehiring human agents in hybrid model. Became dominant cautionary tale in AI/labor discourse.,High-profile reversal shifts discourse from inevitability to skepticism about wholesale replacement,v0.1
73354513-558e-4a05-9557-d2a53d18a953,2025-04-23T00:00:00+00:00,EU fines Apple €500M and Meta €200M under Digital Markets Act,7.L.b,1,major,europe,0.95,1,https://ec.europa.eu/commission/presscorner/detail/en/ip_25_1085,"First DMA non-compliance fines. Apple fined €500M for App Store anti-steering (Article 5(4)); Meta fined €200M for ""consent or pay"" model (Article 5(2)). Both given 60 days to comply or face periodic penalty payments.",DMA teeth demonstrated; interoperability/anti-gatekeeper regime now credibly applies to the AI platform layer as gatekeepers integrate AI,v0.1
93a9fa44-6f2d-4388-9414-abe8901ec9f9,2025-04-10T00:00:00+00:00,OpenAI Memory launched with EU/EEA exclusion pending AI Act compliance review,5.D.a,1,minor,europe,0.85,1,https://www.datastudios.org/post/chatgpt-data-retention-policies-updated-rules-and-user-controls-in-2025,"On 10 Apr 2025 OpenAI rolled out ChatGPT Memory to Plus/Pro/Team/Enterprise users globally, explicitly excluding the EU, EEA, UK, Switzerland, Norway, Iceland and Liechtenstein pending AI Act / GDPR compliance review. Users in covered regions retain view/edit/delete/export controls.",Regulatory geography actually changed default data-collection behavior in the EU. Small but concrete.,v0.1
358e6645-4519-4e7b-84f7-4f77c5551232,2025-04-10T00:00:00+00:00,"ChatGPT Data Controls: memory dashboard, Temporary Chats, training opt-out shipped in 2025",5.D.c,1,minor,global,0.82,1,https://openai.com/index/memory-and-new-controls-for-chatgpt/,"OpenAI shipped a Data Controls settings surface in 2025: view/edit/delete individual memories, Temporary Chats (auto-delete 30d, excluded from training), export all conversations, and an 'Improve the model for everyone' opt-out toggle. Visible in UI, user-invocable; business/enterprise plans excluded from training by default.","User-visible rights controls are now standard in ChatGPT UI. Gaps remain (default-on training for consumer plans, incomplete memory export).",v0.1
c94b00dd-a561-45fe-9387-7b659196c83d,2025-04-05T00:00:00+00:00,Meta excludes EU from Llama 4 multimodal models via Community License,7.N.b,-1,minor,europe,0.85,1,https://ai.meta.com/blog/llama-4-multimodal-intelligence/,"Meta released Llama 4 Scout and Maverick on Apr 5, 2025 but the Llama 4 Community License Agreement denies rights to individuals domiciled in, or companies headquartered in, the EU — a continuation of the Llama 3.2-Vision carve-out applied to all multimodal Llama models.","Geographic carve-outs fragment the ""open"" norm; license restrictions tighten in response to EU AI Act compliance uncertainty",v0.1
bb838265-e26d-4e1f-a9b1-313b63f1f388,2025-03-27T00:00:00+00:00,Switzerland signs Council of Europe AI Convention,6.L.a,1,minor,europe,0.9,1,https://cadeproject.org/updates/switzerland-signs-council-of-europe-convention-on-artificial-intelligence/,Federal Councillor Albert Rösti signed the Council of Europe Framework Convention on AI on behalf of Switzerland in Strasbourg on 27 Mar 2025. Federal Council confirmed intent to ratify (12 Feb 2025); legislative consultation draft due end 2026.,Expands signatory base of the only binding international AI instrument; adds non-EU European adopter.,v0.1
8417fa4f-b54f-44f8-9a20-d21bc902c248,2025-02-28T00:00:00+00:00,OECD common reporting framework for AI incidents published,1.N.c,1,major,global,0.88,1,https://www.oecd.org/en/publications/towards-a-common-reporting-framework-for-ai-incidents_f326d4ac-en.html,,OECD framework makes incident disclosure a tracked international norm across member states.,v0.1
60b6a976-4dd5-4709-8129-b88bfbcb3324,2025-02-27T00:00:00+00:00,CJEU Dun & Bradstreet ruling expands GDPR Article 22 automated decision rights,4.L.d,1,major,europe,0.92,1,https://curia.europa.eu/juris/liste.jsf?num=C-203/22,Court of Justice EU ruled 27 Feb 2025 (C-203/22) that data subjects have right to meaningful explanation of logic in automated decisions affecting them; strengthens worker rights against opaque scoring.,Top EU court hardens automated decision-making rights; directly applicable to workplace algorithms,v0.1
db2e4ef2-a477-40b6-bde8-0baf17323059,2025-02-25T00:00:00+00:00,Pew: 52% of US workers worried about AI impact on their job,4.N.c,1,minor,us,0.88,1,https://www.pewresearch.org/social-trends/2025/02/25/u-s-workers-are-more-worried-than-hopeful-about-future-ai-use-in-the-workplace/,Pew Research finds majority of workers personally concerned about AI replacing or reshaping their role; only 36% optimistic. Concern concentrated in knowledge work.,Worker-level skepticism distinct from general public; directly relevant to consent and deployment legitimacy,v0.1
c792d2c4-3fb1-42c8-9915-9f7d5462b13f,2025-02-19T00:00:00+00:00,NYPD confirms no current or planned use of AI predictive policing at City Council hearing,5.L.d,1,minor,us,0.75,1,https://citymeetings.nyc/meetings/new-york-city-council/2025-02-19-1000-am-committee-on-public-safety/chapter/nypds-current-stance-on-predictive-policing-tools/,"At a Feb 2025 Committee on Public Safety hearing, NYPD Deputy Commissioner Michael Gerber confirmed the department does not use and has no plans to use AI for predictive policing, following years of heat-list and Strategic Subjects List retirements in Chicago and LA.",Normative shift: largest US department on record rejecting predictive policing. Signals rather than binds.,v0.1
2f786171-a995-4aa6-b4a5-40169ea5ee16,2025-02-12T00:00:00+00:00,International Network of AISIs joint testing exercise on multilingual evals,6.D.b,1,minor,global,0.88,1,https://aisi.go.jp/assets/pdf/International-Network-of-AI-Safety-Institutes-Joint-Testing-Exercise-Improving-Methodologies-for-AI-Model-Evaluations-Across-Global-Languages.pdf,"Singapore, Japan, UK-led joint testing exercise of Mistral Large and Gemma 2 (27B) across ten languages (11-12 Feb 2025, Paris) — 130,000+ cyber prompts, 6,000+ newly translated multilingual prompts, 40 agentic cyber tasks. Demonstrated technical information-sharing on dangerous capability evaluation between AISIs. Report published Mar 2025.",Concrete multilateral info-sharing on cyber/safety evals across jurisdictions; rare working-level evidence of AISI network delivering.,v0.1
922d7167-4c44-490b-8ef7-7300dd8146d4,2025-02-11T00:00:00+00:00,US and UK refuse to sign Paris AI Action Summit declaration,6.N.c,-1,major,global,0.92,1,https://techcrunch.com/2025/02/11/as-us-and-uk-refuse-to-sign-ai-action-summit-statement-countries-fail-to-agree-on-the-basics/,"At the Paris AI Action Summit (10-11 Feb 2025), 61 countries including China, India, Japan, Canada signed the 'Statement on Inclusive and Sustainable AI.' The US and UK declined, with VP Vance warning against 'excessive regulation.' Marked retreat from prior Bletchley/Seoul consensus.",US + UK publicly broke from multilateral AI-governance consensus; erodes public expectation of coordinated cross-border norms.,v0.1
c64ec4da-0611-4e20-b2fd-37a29b49b334,2025-02-02T00:00:00+00:00,EU AI Act Article 5 prohibitions on biometric mass surveillance enter into force,5.L.a,1,major,europe,0.95,1,https://digital-strategy.ec.europa.eu/en/policies/regulatory-framework-ai,"From 2 Feb 2025, the EU AI Act prohibits untargeted scraping to build facial recognition databases, emotion recognition at work/school, certain biometric categorization, and (with exceptions) real-time remote biometric identification by law enforcement. Fines up to €35M or 7% of turnover.","Largest binding biometric prohibition regime to date. Partial bans with law-enforcement exceptions, but Art.5 fines are substantial.",v0.1
5c975a23-e2af-438e-a3ba-afc27b5faa1a,2025-01-20T00:00:00+00:00,Trump EO 14110 on safe AI development revoked,1.L.a,-1,major,us,0.95,1,https://www.whitehouse.gov/presidential-actions/2025/01/initial-rescissions-of-harmful-executive-orders/,,US federal pre-deployment testing guidance removed; shifts regulatory burden to states and EU.,v0.1
6fee9355-d91b-4311-ad7a-7b503ace4afb,2025-01-20T00:00:00+00:00,DeepSeek R1 release reopens open-vs-closed norm debate,7.N.b,1,major,global,0.95,1,https://api-docs.deepseek.com/news/news250120,"DeepSeek released R1 on Jan 20, 2025 under MIT license at a fraction of frontier cost; Altman later acknowledged OpenAI was ""on the wrong side of history"" on open weights. Triggered $589B Nvidia single-day market-cap loss on Jan 27.",Open-weights momentum shifts industry norm; forces closed-model incumbents to defend secrecy publicly and cut prices within weeks.,v0.1
7184e58d-859b-44ef-89bb-e4c887fcf3b9,2025-01-17T00:00:00+00:00,FTC Section 6(b) staff report on AI partnerships and investments,7.N.a,0,major,us,0.9,1,https://www.ftc.gov/news-events/news/press-releases/2025/01/ftc-issues-staff-report-ai-partnerships-investments-study,"FTC published 6(b) staff report on Microsoft-OpenAI, Amazon-Anthropic, Google-Anthropic partnerships. Flags concentration and competition concerns; Chair Ferguson dissented from the section identifying power-concentration implications, signalling enforcement restraint under Trump administration.",Report names the concentration problem at the cloud-AI frontier but the incoming FTC chair publicly pulled back from its policy,v0.1
261f4735-b1c4-4116-a34c-4838e92cc023,2024-07-01T00:00:00+00:00,New Hampshire bans warrantless police real-time biometric surveillance (HB 1688),5.L.d,1,major,us,0.9,1,https://legiscan.com/NH/text/HB1688/id/3013035,"New Hampshire HB 1688, signed by Gov. Sununu on 12 July 2024 and effective retroactively from 1 July 2024, prohibits state agency use of real-time and remote biometric identification (including facial recognition) for surveillance in public spaces except by law enforcement with a warrant. Among the clearest state-level warrant requirements on live police biometric surveillance to date.",First clear warrant-based limit on live police biometric surveillance at state level. Meaningful even with law-enforcement exception.,v0.1
9e756543-6d12-4f0f-a240-750c2a298022,2024-05-01T00:00:00+00:00,Technical Report: Frontier Capability Assessments,6.D.c,1,minor,global,0.8,1,https://frontiermodelforum.org/technical-reports/frontier-capability-assessments/,The Frontier Model Forum published a technical report detailing emerging industry practices for conducting frontier capability assessments.,Frontier Model Forum's report on capability assessment practices demonstrates cross-lab convergence on evaluation methodologies.,v0.1
27749cac-d51c-4dcd-8e8b-54d1557c2aa6,2020-02-03T00:00:00+00:00,Coded Bias featured in Inc's eight must-watch movies for Leaders in 2020,5.N.c,1,minor,us,0.8,1,https://www.inc.com/graham-winfrey/8-best-business-movies-2020-sundance-film-festival.html,"Inc. magazine included the documentary 'Coded Bias,' which explores algorithmic discrimination, in its list of must-watch movies for business leaders.","Inc. magazine featured 'Coded Bias' as a must-watch for leaders, showing mainstream recognition of algorithmic discrimination.",v0.1
a10b601b-c478-4445-a445-cfc7ffbbb059,2019-12-19T00:00:00+00:00,Federal study confirms racial bias of many facial-recognition systems,5.N.b,1,minor,us,0.9,1,https://www.washingtonpost.com/technology/2019/12/19/federal-study-confirms-racial-bias-many-facial-recognition-systems-casts-doubt-their-expanding-use/,"A federal study confirmed that many facial recognition systems exhibit significant racial bias, raising mainstream concerns about their expanding use.","A US federal study confirmed widespread racial bias in facial recognition systems, driving mainstream attention to algorithmic harms.",v0.1
bf987b14-23bf-4988-ab8c-95e131a1fc70,2019-05-22T00:00:00+00:00,Facial Recognition Technology Hearing (Committee on Oversight and Reform),5.N.a,1,minor,us,0.8,1,https://oversight.house.gov/legislation/hearings/facial-recognition-technology-part-1-its-impact-on-our-civil-rights-and,The US House Committee on Oversight and Reform held a hearing titled 'Facial Recognition Technology (Part 1): Its Impact on Our Civil Rights and Liberties' to debate the surveillance risks of the technology.,US House Oversight Committee held a hearing focusing on the civil rights and liberties impacts of facial recognition technology.,v0.1
fec49402-d59a-4377-b107-efc6bc40f225,2019-04-03T00:00:00+00:00,Amazon Schooled on AI Facial Technology By Turing Award Winner,5.N.b,1,minor,us,0.8,1,https://www.bloomberg.com/news/articles/2019-04-03/amazon-schooled-on-ai-facial-technology-by-turing-award-winner,"A Turing Award-winning AI researcher publicly criticized Amazon's facial recognition technology, adding expert weight to ongoing concerns about algorithmic bias and accuracy.","Prominent AI researchers, including a Turing Award winner, publicly criticized Amazon's facial recognition tech over algorithmic bias.",v0.1
3e8bf815-2bfc-4b65-91e1-e1400ec583e0,2019-02-07T00:00:00+00:00,Artificial Intelligence Has A Problem With Gender and Racial Bias,5.N.c,1,minor,us,0.8,1,https://time.com/5520558/artificial-intelligence-racial-gender-bias/,"TIME magazine published a prominent article highlighting the pervasive issues of gender and racial bias in artificial intelligence systems, bringing mainstream attention to algorithmic discrimination.",TIME magazine published an article explicitly acknowledging and bringing mainstream attention to systematic gender and racial bias in AI.,v0.1
80e184d7-4516-44e9-95d3-893132415591,2018-11-02T00:00:00+00:00,BERT,7.D.a,1,minor,global,0.95,1,https://blog.research.google/2018/11/open-sourcing-bert-state-of-art-pre.html?utm_source=deepmind.google&utm_medium=referral&utm_campaign=gdm&utm_content=,"Google released the open-source code and pre-trained weights for BERT, a state-of-the-art natural language processing model.","Google open-sourced BERT, a state-of-the-art NLP model, providing open-weights access to a frontier-class system.",v0.1
0b63ced9-740c-4c4a-9fa4-b4a2bd416cbe,2018-02-04T00:00:00+00:00,Gender Shades: Uncovering large gender and skin-type bias in commercial AI products,5.N.b,1,major,global,0.95,1,https://youtu.be/TWWsW1w-BVo,"The Gender Shades project, led by Joy Buolamwini and Timnit Gebru, revealed that commercial facial recognition systems from major tech companies exhibited significant performance disparities, performing worst on darker-skinned females.",Landmark academic investigation exposed severe gender and skin-type bias in commercial facial recognition systems.,v0.1
